profile_id,country,position_in_career,position_from_recent,job_title,company,start_year,start_month,end_year,end_month,duration_months,is_current,seniority_hint,raw_date_line,job_text,lcnc_label
1,Romania,5,1,Senior LMS Technical Consultant Oracle Full-timeOracle Full-time,,2019,1.0,,,86,True,senior,Jan 2019 - Present · 7 yrs 2 mosJan 2019 to Present · 7 yrs 2 mos,Senior LMS Technical Consultant Oracle Full-timeOracle Full-time,ERROR
1,Romania,4,2,,,2017,5.0,,,106,True,unknown,"Bucharest, Romania · Hybrid Senior Technical Support Engineer Oracle Romania May 2017 - Present · 8 yrs 10 mos",Unknown,ERROR
1,Romania,3,3,,,2015,4.0,,,131,True,unknown,"Bucuresti Testing Analyst TEAMNET INTERNATIONAL SATEAMNET INTERNATIONAL SA Apr 2015 - Present · 10 yrs 11 mos, Bucharest, Romania Technical reviewer Teamnet InternationalTeamnet International Mar 2014 - Mar 2015 · 1 yr 1 mo",Unknown,ERROR
1,Romania,2,4,,,2005,3.0,2014.0,2.0,108,False,unknown,"Bucharest, Romania Senior Accounting Technician Ciel RomaniaCiel Romania Mar 2005 - Feb 2014 · 9 yrs",Unknown,ERROR
1,Romania,1,5,,,2003,9.0,2005.0,3.0,19,False,unknown,"Bucharest, Romania Inginer proiectant I.N.M.A.I.N.M.A. Sep 2003 - Mar 2005 · 1 yr 7 mosSep 2003 to Mar 2005 · 1 yr 7 mos ""bucu",Unknown,ERROR
2,romania,3,1,Service Operations Expert,Orange,2023,7.0,,,32,True,unknown,Jul 2023 - Present · 2 yrs 8 mosJul 2023 to Present · 2 yrs 8 mos,Service Operations Expert at Orange,ERROR
2,romania,2,2,Core Network Engineer,Services,2017,4.0,2023.0,7.0,76,False,mid,Apr 2017 - Jul 2023 · 6 yrs 4 mosApr 2017 to Jul 2023 · 6 yrs 4 mos,Core Network Engineer at Services,ERROR
2,romania,1,3,Network Supervision Engineer,Romania,2013,,2017.0,3.0,51,False,mid,"2013 - Mar 2017 · 4 yrs 3 mos2013 to Mar 2017 · 4 yrs 3 mos ""Bucharest, Romania",Network Supervision Engineer at Romania,ERROR
3,sweden,3,1,"Software Engineer"" Software Engineer Flightloop · Full-timeFlightloop · Full-time",,2024,12.0,,,15,True,mid,Dec 2024 - Present · 1 yr 3 mos,"Software Engineer"" Software Engineer Flightloop · Full-timeFlightloop · Full-time",ERROR
3,sweden,2,2,Software Developer,,2023,7.0,2024.0,11.0,17,False,mid,ScorebuzzerScorebuzzer Jul 2023 - Nov 2024 · 1 yr 5 mosJul 2023 to Nov 2024 · 1 yr 5 mos,Software Developer,ERROR
3,sweden,1,3,,,2022,12.0,2023.0,6.0,7,False,unknown,"Dec 2022 - Jun 2023 · 7 mosDec 2022 to Jun 2023 · 7 mos ""Battaramulla, Western Province, Sri Lanka · On-siteBattaramulla, Western Province, Sri Lanka · On-site",Unknown,ERROR
4,sweden,15,1,"Master Thesis Researcher"" Master Thesis Researcher Deep Forestry · Part-timeDeep Forestry · Part-time",,2026,1.0,,,2,True,unknown,Jan 2026 - Present · 2 mosJan 2026 to Present · 2 mos,"Master Thesis Researcher"" Master Thesis Researcher Deep Forestry · Part-timeDeep Forestry · Part-time",ERROR
4,sweden,14,2,,,2024,10.0,,,17,True,unknown,"Uppsala, Uppsala County, Sweden · Hybrid Co-founder and Chief Innovation Officer Tree++ (Tree Plus Plus)Tree++ (Tree Plus Plus) Oct 2024 - Present · 1 yr 5 mosOct 2024 to Present · 1 yr 5 mos",Unknown,ERROR
4,sweden,13,3,,,2014,12.0,,,135,True,unknown,"Estocolmo, Município de Stockholm, Suécia BRB - Bank of Brasília Full-time · 11 yrs 3 mosFull-time · 11 yrs 3 mos IT Analyst and DevOps Engineer IT Analyst and DevOps Engineer Dec 2014 - Present · 11 yrs 3 mosDec 2014 to Present · 11 yrs 3 mos",Unknown,ERROR
4,sweden,12,4,,,2014,12.0,,,135,True,unknown,"Brasília, Distrito Federal, Brazil BRB - Bank of Brasília Full-time · 11 yrs 3 mosFull-time · 11 yrs 3 mos IT Analyst and DevOps Engineer IT Analyst and DevOps Engineer Dec 2014 - Present · 11 yrs 3 mosDec 2014 to Present · 11 yrs 3 mos",Unknown,ERROR
4,sweden,11,5,,,2016,5.0,2024.0,7.0,99,False,unknown,"Brasília, Distrito Federal, BrazilBrasília, Distrito Federal, Brazil IT Manager May 2016 - Jul 2024 · 8 yrs 3 mosMay 2016 to Jul 2024 · 8 yrs 3 mos",Unknown,ERROR
4,sweden,10,6,,,2025,7.0,,,8,True,unknown,"Brasília, Federal District, Brazil · On-site Student Ambassador Drivhuset StockholmDrivhuset Stockholm Jul 2025 - Present · 8 mosJul 2025 to Present · 8 mos",Unknown,ERROR
4,sweden,9,7,,,2024,11.0,,,16,True,unknown,"Stockholm, Stockholm County, Sweden SU Heroes - Hackathon Team logo Team Leader SU Heroes - Hackathon TeamSU Heroes - Hackathon Team Nov 2024 - Present · 1 yr 4 mosNov 2024 to Present · 1 yr 4 mos",Unknown,ERROR
4,sweden,8,8,,,2024,10.0,,,17,True,unknown,"Stockholm, Stockholm County, Sweden Marketing Communications Manager Alla Ska Få MatAlla Ska Få Mat Oct 2024 - Present · 1 yr 5 mosOct 2024 to Present · 1 yr 5 mos",Unknown,ERROR
4,sweden,7,9,,,2024,8.0,,,19,True,unknown,"Stockholm, Stockholm County, Sweden Research Engineer LabRiskLabRisk Aug 2024 - Present · 1 yr 7 mosAug 2024 to Present · 1 yr 7 mos",Unknown,ERROR
4,sweden,6,10,,,2024,2.0,,,25,True,unknown,"Brasília, Federal District, Brazil Marketing Communications Manager DevOpsDays BrasíliaDevOpsDays Brasília Feb 2024 - Present · 2 yrs 1 moFeb 2024 to Present · 2 yrs 1 mo",Unknown,ERROR
4,sweden,5,11,,,2025,10.0,2026.0,1.0,4,False,unknown,"Brasília, Federal District, Brazil Teaching Assistant Stockholm UniversityStockholm University Oct 2025 - Jan 2026 · 4 mosOct 2025 to Jan 2026 · 4 mos",Unknown,ERROR
4,sweden,4,12,"Stockholm, Stockholm County, Sweden Research Engineer IBICT - Brazilian Institute of Information in Science and Technology · Part-timeIBICT - Brazilian Institute of Information in Science and Technology · Part-time",,2022,4.0,2022.0,9.0,6,False,mid,Apr 2022 - Sep 2022 · 6 mosApr 2022 to Sep 2022 · 6 mos,"Stockholm, Stockholm County, Sweden Research Engineer IBICT - Brazilian Institute of Information in Science and Technology · Part-timeIBICT - Brazilian Institute of Information in Science and Technology · Part-time",ERROR
4,sweden,3,13,Software Engineer,Ministério da Integração e do Desenvolvimento Regional,2014,2.0,2014.0,11.0,10,False,mid,Feb 2014 - Nov 2014 · 10 mosFeb 2014 to Nov 2014 · 10 mos,Software Engineer at Ministério da Integração e do Desenvolvimento Regional,ERROR
4,sweden,2,14,"Brasília, Distrito Federal, Brazil · On-sit SENAI/DF - Serviço Nacional de Aprendizagem Industrial SENAI/DF - Serviço Nacional de Aprendizagem Industrial 2 yrs 4 mos2 yrs 4 mos",,2011,5.0,2012.0,11.0,19,False,unknown,May 2011 - Nov 2012 · 1 yr 7 mosMay 2011 to Nov 2012 · 1 yr 7 mos,"Brasília, Distrito Federal, Brazil · On-sit SENAI/DF - Serviço Nacional de Aprendizagem Industrial SENAI/DF - Serviço Nacional de Aprendizagem Industrial 2 yrs 4 mos2 yrs 4 mos",ERROR
4,sweden,1,15,,,2010,8.0,2011.0,5.0,10,False,unknown,"Internship ""Aug 2010 - May 2011 · 10 mos",Unknown,ERROR
5,sweden,4,1,,,2019,7.0,,,80,True,unknown,"Founding Product Designer"" UI BakeryUI Bakery Jul 2019 - Present · 6 yrs 8 mosJul 2019 to Present · 6 yrs 8 mos",Unknown,ERROR
5,sweden,3,2,,,2022,8.0,2025.0,11.0,40,False,unknown,Low-code and Webflow developer Self-EmployedSelf-Employed Aug 2022 - Nov 2025 · 3 yrs 4 mosAug 2022 to Nov 2025 · 3 yrs 4 mos,Unknown,ERROR
5,sweden,2,3,,,2019,7.0,2022.0,1.0,31,False,unknown,Product Designer Jul 2019 - Jan 2022 · 2 yrs 7 mosJul 2019 to Jan 2022 · 2 yrs 7 mos,Unknown,ERROR
5,sweden,1,4,,,2018,2.0,2019.0,9.0,20,False,unknown,"Senior UX/UI Designer Feb 2018 - Sep 2019 · 1 yr 8 mosFeb 2018 to Sep 2019 · 1 yr 8 mos UX/UI Designer EffectiveSoft CorporationEffectiveSoft Corporation Apr 2016 - Feb 2018 · 1 yr 11 mos web-designer freelancefreelance""Jan 2015 - Apr 2016 · 1 yr 4 mos",Unknown,ERROR
6,romania,3,1,,,2006,2.0,,,242,True,unknown,"Operations Manager"" Operations Manager ORPAK RomaniaORPAK Romania Feb 2006 - Present · 20 yrs 2 mosFeb 2006 to Present · 20 yrs 2 mos",Unknown,ERROR
6,romania,2,2,,,2001,,2003.0,,24,False,unknown,Programmer Eurosoft CommunicationEurosoft Communication 2001 - 2003 · 2 yrs2001 to 2003 · 2 yrs,Unknown,ERROR
6,romania,1,3,,,2001,,2003.0,,24,False,unknown,"Programmer Programmer GFS CommunicationsGFS Communications ""2001 - 2003 · 2 yrs",Unknown,ERROR
7,romania,2,1,"Software Engineer"" Software Engineer Deutsche Bank · Full-timeDeutsche Bank · Full-time",,2022,7.0,,,45,True,mid,Jul 2022 - Present · 3 yrs 9 mosJul 2022 to Present · 3 yrs 9 mos,"Software Engineer"" Software Engineer Deutsche Bank · Full-timeDeutsche Bank · Full-time",ERROR
7,romania,1,2,,,2020,8.0,2021.0,1.0,6,False,unknown,"Bucharest, Romania · HybridBucharest, Romania · Hybrid AIESEC in Romania logo Team Member of Incoming Internships Team Member of Incoming Internships AIESEC in RomaniaAIESEC in Romania Aug 2020 - Jan 2021 · 6 mosAug 2020 to Jan 2021 · 6 mos ""Bucharest, Romania",Unknown,ERROR
8,Romania,3,1,Technical Solutions Specialist at Orange Romania Communications Orange · Full-time,,2022,3.0,,,49,True,mid,Mar 2022 - Present · 4 yrs 1 moMar 2022 to Present · 4 yrs 1 mo,Technical Solutions Specialist at Orange Romania Communications Orange · Full-time,ERROR
8,Romania,2,2,,,2007,10.0,2022.0,3.0,174,False,unknown,"Bucharest, RomaniaBucharest, Romania Telekom Romania Mobile logo Technical Solutions Specialist Telekom RomaniaTelekom Romania Oct 2007 - Mar 2022 · 14 yrs 6 mosOct 2007 to Mar 2022 · 14 yrs 6 mos",Unknown,ERROR
8,Romania,1,3,,,1997,11.0,2007.0,10.0,120,False,unknown,"Customer Service Specialist RomtelecomRomtelecom ""Nov 1997 - Oct 2007 · 10 yrs",Unknown,ERROR
9,romania,4,1,Application Expert Dr. Max Romania · Full-timeDr. Max Romania · Full-time,,2024,10.0,,,18,True,unknown,Oct 2024 - Present · 1 yr 6 mosOct 2024 to Present · 1 yr 6 mos,Application Expert Dr. Max Romania · Full-timeDr. Max Romania · Full-time,ERROR
9,romania,3,2,,,2018,8.0,2025.0,3.0,80,False,unknown,"Bucharest, Romania · HybridBucharest, Romania · Hybrid Application Expert High Tech Systems& Software SRLHigh Tech Systems& Software SRL Aug 2018 - Mar 2025 · 6 yrs 8 mosAug 2018 to Mar 2025 · 6 yrs 8 mos",Unknown,ERROR
9,romania,2,3,,,2008,2.0,2018.0,8.0,127,False,unknown,"Bucharest, RomaniaBucharest, Romania MASTER COMPUTERS SRL logo Tehncian service IT MASTER COMPUTERS SRLMASTER COMPUTERS SRL Feb 2008 - Aug 2018 · 10 yrs 7 mosFeb 2008 to Aug 2018 · 10 yrs 7 mos",Unknown,ERROR
9,romania,1,4,,,2006,4.0,2008.0,2.0,23,False,unknown,"Bucharest, RomaniaBucharest, Romania Mobexpert logo IT Technician, Sales consultant Mobexpert Apr 2006 - Feb 2008 · 1 yr 11 mosApr 2006 to Feb 2008 · 1 yr 11 mos ""Bucharest, Bucharest, Romania",Unknown,ERROR
10,romania,4,1,Technical Project Manager Acrelec Software (Romania) · Full-timeAcrelec Software (Romania) · Full-time,,2020,11.0,,,65,True,manager,Nov 2020 - Present · 5 yrs 5 mosNov 2020 to Present · 5 yrs 5 mos,Technical Project Manager Acrelec Software (Romania) · Full-timeAcrelec Software (Romania) · Full-time,ERROR
10,romania,3,2,,,2019,9.0,2020.0,11.0,15,False,unknown,"Bucharest, RomaniaBucharest, Romania Jira Service Desk Technical Engineer Microsoft Sep 2019 - Nov 2020 · 1 yr 3 mosSep 2019 to Nov 2020 · 1 yr 3 mos",Unknown,ERROR
10,romania,2,3,,,2018,7.0,2018.0,10.0,4,False,unknown,Bucharest Metropolitan Area Technical Engineer Intern Microsoft Jul 2018 - Oct 2018 · 4 mosJul 2018 to Oct 2018 · 4 mos,Unknown,ERROR
10,romania,1,4,,,2018,3.0,2018.0,6.0,4,False,unknown,"Bucharest, Bucharest, RomaniaDeutsche Bank logo Software Developer Intern Deutsche Bank Mar 2018 - Jun 2018 · 4 mosMar 2018 to Jun 2018 · 4 mos ""Bucharest, Bucharest, Romania",Unknown,ERROR
11,romania,4,1,ING Hubs Romania Full-time · 6 yrs 9 mosFull-time · 6 yrs 9 mos,,2025,2.0,,,14,True,unknown,Chapter Lead Feb 2025 - Present · 1 yr 2 mosFeb 2025 to Present · 1 yr 2 mos,ING Hubs Romania Full-time · 6 yrs 9 mosFull-time · 6 yrs 9 mos,ERROR
11,romania,3,2,,,2019,7.0,2025.0,2.0,68,False,unknown,"Bucharest, Romania · HybridBucharest, Romania · Hybrid Software Engineer Jul 2019 - Feb 2025 · 5 yrs 8 mosJul 2019 to Feb 2025 · 5 yrs 8 mos",Unknown,ERROR
11,romania,2,3,"Romania Kotlin Facultatea de Automatică și Calculatoare, Undergraduate Teaching Assistant Facultatea de Automatică și Calculatoare, UPB · SeasonalFacultatea de Automatică și Calculatoare, UPB · Seasonal",,2019,2.0,2023.0,6.0,53,False,unknown,Feb 2019 - Jun 2023 · 4 yrs 5 mosFeb 2019 to Jun 2023 · 4 yrs 5 mos,"Romania Kotlin Facultatea de Automatică și Calculatoare, Undergraduate Teaching Assistant Facultatea de Automatică și Calculatoare, UPB · SeasonalFacultatea de Automatică și Calculatoare, UPB · Seasonal",ERROR
11,romania,1,4,Programming ParadigmsProgramming Paradigms ING Hubs Romania logo Software Engineer ING Tech Romania · InternshipING Tech Romania · Internship,,2018,7.0,2019.0,1.0,7,False,mid,"Jul 2018 - Jan 2019 · 7 mosJul 2018 to Jan 2019 · 7 mos ""Romania",Programming ParadigmsProgramming Paradigms ING Hubs Romania logo Software Engineer ING Tech Romania · InternshipING Tech Romania · Internship,ERROR
12,romania,10,1,Chief Executive Officer Full-time,SII Romania 12 yrs 5 mos,2024,3.0,,,25,True,c_level,Mar 2024 - Present · 2 yrs 1 moMar 2024 to Present · 2 yrs 1 mo,Chief Executive Officer Full-time at SII Romania 12 yrs 5 mos,ERROR
12,romania,9,2,,,2017,9.0,2024.0,3.0,79,False,unknown,Sep 2017 - Mar 2024 · 6 yrs 7 mosSep 2017 to Mar 2024 · 6 yrs 7 mos,Unknown,ERROR
12,romania,8,3,,,2014,1.0,2024.0,3.0,123,False,unknown,"Bucharest, Bucharest, RomaniaBucharest, Bucharest, Romania Business Unit Manager Jan 2014 - Mar 2024 · 10 yrs 3 mosJan 2014 to Mar 2024 · 10 yrs 3 mos",Unknown,ERROR
12,romania,7,4,,,2013,11.0,2014.0,1.0,3,False,unknown,Project Manager and team leader Nov 2013 - Jan 2014 · 3 mosNov 2013 to Jan 2014 · 3 mos,Unknown,ERROR
12,romania,6,5,TotalSoft 6 yrs 3 mos6 yrs 3 mos,,2011,1.0,2013.0,11.0,35,False,unknown,Implementation Team Manager Jan 2011 - Nov 2013 · 2 yrs 11 mosJan 2011 to Nov 2013 · 2 yrs 11 mos,TotalSoft 6 yrs 3 mos6 yrs 3 mos,ERROR
12,romania,5,6,,,2011,1.0,2013.0,11.0,35,False,unknown,Project Manager and team leader Jan 2011 - Nov 2013 · 2 yrs 11 mosJan 2011 to Nov 2013 · 2 yrs 11 mos,Unknown,ERROR
12,romania,4,7,,,2011,1.0,2013.0,3.0,27,False,unknown,Senior Technical and Business Consultant Jan 2011 - Mar 2013 · 2 yrs 3 mosJan 2011 to Mar 2013 · 2 yrs 3 mos,Unknown,ERROR
12,romania,3,8,,,2007,9.0,2011.0,1.0,41,False,unknown,Software Developer & Team Leader Sep 2007 - Jan 2011 · 3 yrs 5 mosSep 2007 to Jan 2011 · 3 yrs 5 mos,Unknown,ERROR
12,romania,2,9,,,2008,10.0,2009.0,10.0,13,False,unknown,Assistant lecturer Academy of Economic Studies in BucharestAcademy of Economic Studies in Bucharest Oct 2008 - Oct 2009 · 1 yr 1 moOct 2008 to Oct 2009 · 1 yr 1 mo,Unknown,ERROR
12,romania,1,10,,,2005,11.0,2007.0,9.0,23,False,unknown,"Software Developer Intelliblocks Software SRLIntelliblocks Software SRL ""Nov 2005 - Sep 2007 · 1 yr 11 mos",Unknown,ERROR
13,romania,3,1,,,2008,2.0,,,218,True,unknown,Managing Director Man and Machine RomaniaMan and Machine Romania Feb 2008 - Present · 18 yrs 2 mosFeb 2008 to Present · 18 yrs 2 mos,Unknown,ERROR
13,romania,2,2,"Bucharest, Bucharest, Romania A&C INTERNATIONal 9 yrs",,2005,9.0,2008.0,2.0,30,False,unknown,Director Of Sales Marketing Sep 2005 - Feb 2008 · 2 yrs 6 mosSep 2005 to Feb 2008 · 2 yrs 6 mos GIS Product Manager Mar 1999 - Sep 2005 · 6 yrs 7 mosMar 1999 to Sep 2005 · 6 yrs 7 mos,"Bucharest, Bucharest, Romania A&C INTERNATIONal 9 yrs",ERROR
13,romania,1,3,,,1994,6.0,1999.0,3.0,58,False,unknown,"Computer Aided Design Engineer Ministry of Public Works and Territory PlanningMinistry of Public Works and Territory Planning ""Jun 1994 - Mar 1999 · 4 yrs 10 mos"""""";",Unknown,ERROR
14,romania,3,1,"Senior Software Development Engineer"" Senior Software Development Engineer Orange Services · Full-time",,2024,3.0,,,25,True,senior,Mar 2024 - Present · 2 yrs 1 moMar 2024 to Present · 2 yrs 1 mo,"Senior Software Development Engineer"" Senior Software Development Engineer Orange Services · Full-time",ERROR
14,romania,2,2,,,2014,10.0,2024.0,2.0,113,False,unknown,"Bucharest, Romania · HybridBucharest, Romania · Hybrid Software Engineer Orange RomaniaOrange Romania Oct 2014 - Feb 2024 · 9 yrs 5 mosOct 2014 to Feb 2024 · 9 yrs 5 mos",Unknown,ERROR
14,romania,1,3,,,2013,6.0,2013.0,9.0,4,False,unknown,"Bucharest, Bucharest, RomaniaBucharest, Bucharest, Romania web developer intern CBN IT Business SolutionsCBN IT Business Solutions Jun 2013 - Sep 2013 · 4 mosJun 2013 to Sep 2013 · 4 mos",Unknown,ERROR
